,grupo,linhas,marcador,dados,nulos,min,max,media,variancia
0,sopharyngeal carcinoma,1,BV421:A,0,1,,,0.0,0
1,sopharyngeal carcinoma,1,CD10:A,1,0,39.37,39.37,39.37,0
2,sopharyngeal carcinoma,1,CD105:A,0,1,,,0.0,0
3,sopharyngeal carcinoma,1,CD117:A,0,1,,,0.0,0
4,sopharyngeal carcinoma,1,CD123:A,1,0,91.64,91.64,91.64,0
5,sopharyngeal carcinoma,1,CD14:A,0,1,,,0.0,0
6,sopharyngeal carcinoma,1,CD15:A,1,0,107.24,107.24,107.24,0
7,sopharyngeal carcinoma,1,CD16:A,0,1,,,0.0,0
8,sopharyngeal carcinoma,1,CD19:A,0,1,,,0.0,0
9,sopharyngeal carcinoma,1,CD19_CD4:A,0,1,,,0.0,0
10,sopharyngeal carcinoma,1,CD19+TCRGD:A,1,0,11.48,11.48,11.48,0
11,sopharyngeal carcinoma,1,CD1a:A,0,1,,,0.0,0
12,sopharyngeal carcinoma,1,CD2:A,0,1,,,0.0,0
13,sopharyngeal carcinoma,1,CD20:A,1,0,59.33,59.33,59.33,0
14,sopharyngeal carcinoma,1,CD20+CD4:A,1,0,176.72,176.72,176.72,0
15,sopharyngeal carcinoma,1,CD21:A,0,1,,,0.0,0
16,sopharyngeal carcinoma,1,CD22:A,0,1,,,0.0,0
17,sopharyngeal carcinoma,1,CD24:A,0,1,,,0.0,0
18,sopharyngeal carcinoma,1,CD271:A,1,0,26.17,26.17,26.17,0
19,sopharyngeal carcinoma,1,CD28:A,0,1,,,0.0,0
20,sopharyngeal carcinoma,1,CD3:A,1,0,36.54,36.54,36.54,0
21,sopharyngeal carcinoma,1,CD30:A,1,0,42.08,42.08,42.08,0
22,sopharyngeal carcinoma,1,CD309:A,0,1,,,0.0,0
23,sopharyngeal carcinoma,1,CD34:A,0,1,,,0.0,0
24,sopharyngeal carcinoma,1,CD38:A,1,0,6.18,6.18,6.18,0
25,sopharyngeal carcinoma,1,CD4:A,0,1,,,0.0,0
26,sopharyngeal carcinoma,1,CD44:A,1,0,27.52,27.52,27.52,0
27,sopharyngeal carcinoma,1,CD45:A,1,0,23.8,23.8,23.8,0
28,sopharyngeal carcinoma,1,CD5:A,1,0,118.69,118.69,118.69,0
29,sopharyngeal carcinoma,1,CD56:A,1,0,6.9,6.9,6.9,0
30,sopharyngeal carcinoma,1,CD56+IgK:A,1,0,23.76,23.76,23.76,0
31,sopharyngeal carcinoma,1,CD57:A,1,0,27.37,27.37,27.37,0
32,sopharyngeal carcinoma,1,CD58:A,0,1,,,0.0,0
33,sopharyngeal carcinoma,1,CD7:A,0,1,,,0.0,0
34,sopharyngeal carcinoma,1,CD71:A,0,1,,,0.0,0
35,sopharyngeal carcinoma,1,CD8:A,0,1,,,0.0,0
36,sopharyngeal carcinoma,1,CD8+IgL:A,1,0,26.42,26.42,26.42,0
37,sopharyngeal carcinoma,1,CD81:A,1,0,675.69,675.69,675.69,0
38,sopharyngeal carcinoma,1,CD8-CD99:A,0,1,,,0.0,0
39,sopharyngeal carcinoma,1,CD9:A,1,0,110.98,110.98,110.98,0
40,sopharyngeal carcinoma,1,CD90:A,1,0,24.68,24.68,24.68,0
41,sopharyngeal carcinoma,1,CD99:A,1,0,31.06,31.06,31.06,0
42,sopharyngeal carcinoma,1,cyCD3:A,0,1,,,0.0,0
43,sopharyngeal carcinoma,1,cyCD3+CD19:A,0,1,,,0.0,0
44,sopharyngeal carcinoma,1,cyCD79a:A,0,1,,,0.0,0
45,sopharyngeal carcinoma,1,EPCAM:A,1,0,43.19,43.19,43.19,0
46,sopharyngeal carcinoma,1,Epcam+CD4:A,0,1,,,0.0,0
47,sopharyngeal carcinoma,1,FSC-A:A,1,0,111266.61,111266.61,111266.61,0
48,sopharyngeal carcinoma,1,FSC-H:A,1,0,95571.0,95571.0,95571.0,0
49,sopharyngeal carcinoma,1,GD2:A,1,0,294.84,294.84,294.84,0
50,sopharyngeal carcinoma,1,HLADR:A,0,1,,,0.0,0
51,sopharyngeal carcinoma,1,MPO:A,0,1,,,0.0,0
52,sopharyngeal carcinoma,1,nuMIOGENIN:A,1,0,241.94,241.94,241.94,0
53,sopharyngeal carcinoma,1,nuMYOD:A,1,0,187.84,187.84,187.84,0
54,sopharyngeal carcinoma,1,OCT3/4:A,0,1,,,0.0,0
55,sopharyngeal carcinoma,1,SSC-A:A,1,0,12938.4,12938.4,12938.4,0
56,sopharyngeal carcinoma,1,SSC-H:A,0,1,,,0.0,0
57,sopharyngeal carcinoma,1,BV421:B,0,1,,,0.0,0
58,sopharyngeal carcinoma,1,CD10:B,0,1,,,0.0,0
59,sopharyngeal carcinoma,1,CD105:B,0,1,,,0.0,0
60,sopharyngeal carcinoma,1,CD117:B,0,1,,,0.0,0
61,sopharyngeal carcinoma,1,CD123:B,0,1,,,0.0,0
62,sopharyngeal carcinoma,1,CD14:B,0,1,,,0.0,0
63,sopharyngeal carcinoma,1,CD15:B,0,1,,,0.0,0
64,sopharyngeal carcinoma,1,CD16:B,0,1,,,0.0,0
65,sopharyngeal carcinoma,1,CD19:B,0,1,,,0.0,0
66,sopharyngeal carcinoma,1,CD19_CD4:B,0,1,,,0.0,0
67,sopharyngeal carcinoma,1,CD19+TCRGD:B,1,0,10449.59,10449.59,10449.59,0
68,sopharyngeal carcinoma,1,CD1a:B,0,1,,,0.0,0
69,sopharyngeal carcinoma,1,CD2:B,0,1,,,0.0,0
70,sopharyngeal carcinoma,1,CD20:B,0,1,,,0.0,0
71,sopharyngeal carcinoma,1,CD20+CD4:B,1,0,8744.27,8744.27,8744.27,0
72,sopharyngeal carcinoma,1,CD21:B,0,1,,,0.0,0
73,sopharyngeal carcinoma,1,CD22:B,0,1,,,0.0,0
74,sopharyngeal carcinoma,1,CD24:B,0,1,,,0.0,0
75,sopharyngeal carcinoma,1,CD271:B,0,1,,,0.0,0
76,sopharyngeal carcinoma,1,CD28:B,0,1,,,0.0,0
77,sopharyngeal carcinoma,1,CD3:B,1,0,80.12,80.12,80.12,0
78,sopharyngeal carcinoma,1,CD30:B,0,1,,,0.0,0
79,sopharyngeal carcinoma,1,CD309:B,0,1,,,0.0,0
80,sopharyngeal carcinoma,1,CD34:B,0,1,,,0.0,0
81,sopharyngeal carcinoma,1,CD38:B,1,0,557.38,557.38,557.38,0
82,sopharyngeal carcinoma,1,CD4:B,0,1,,,0.0,0
83,sopharyngeal carcinoma,1,CD44:B,0,1,,,0.0,0
84,sopharyngeal carcinoma,1,CD45:B,1,0,252.96,252.96,252.96,0
85,sopharyngeal carcinoma,1,CD5:B,1,0,98.31,98.31,98.31,0
86,sopharyngeal carcinoma,1,CD56:B,0,1,,,0.0,0
87,sopharyngeal carcinoma,1,CD56+IgK:B,1,0,519.11,519.11,519.11,0
88,sopharyngeal carcinoma,1,CD57:B,0,1,,,0.0,0
89,sopharyngeal carcinoma,1,CD58:B,0,1,,,0.0,0
90,sopharyngeal carcinoma,1,CD7:B,0,1,,,0.0,0
91,sopharyngeal carcinoma,1,CD71:B,0,1,,,0.0,0
92,sopharyngeal carcinoma,1,CD8:B,0,1,,,0.0,0
93,sopharyngeal carcinoma,1,CD8+IgL:B,1,0,790.35,790.35,790.35,0
94,sopharyngeal carcinoma,1,CD81:B,0,1,,,0.0,0
95,sopharyngeal carcinoma,1,CD8-CD99:B,0,1,,,0.0,0
96,sopharyngeal carcinoma,1,CD9:B,0,1,,,0.0,0
97,sopharyngeal carcinoma,1,CD90:B,0,1,,,0.0,0
98,sopharyngeal carcinoma,1,CD99:B,0,1,,,0.0,0
99,sopharyngeal carcinoma,1,cyCD3:B,0,1,,,0.0,0
100,sopharyngeal carcinoma,1,cyCD3+CD19:B,0,1,,,0.0,0
101,sopharyngeal carcinoma,1,cyCD79a:B,0,1,,,0.0,0
102,sopharyngeal carcinoma,1,EPCAM:B,0,1,,,0.0,0
103,sopharyngeal carcinoma,1,Epcam+CD4:B,0,1,,,0.0,0
104,sopharyngeal carcinoma,1,FSC-A:B,1,0,115853.02,115853.02,115853.02,0
105,sopharyngeal carcinoma,1,FSC-H:B,1,0,101487.0,101487.0,101487.0,0
106,sopharyngeal carcinoma,1,GD2:B,0,1,,,0.0,0
107,sopharyngeal carcinoma,1,HLADR:B,0,1,,,0.0,0
108,sopharyngeal carcinoma,1,MPO:B,0,1,,,0.0,0
109,sopharyngeal carcinoma,1,nuMIOGENIN:B,0,1,,,0.0,0
110,sopharyngeal carcinoma,1,nuMYOD:B,0,1,,,0.0,0
111,sopharyngeal carcinoma,1,OCT3/4:B,0,1,,,0.0,0
112,sopharyngeal carcinoma,1,SSC-A:B,1,0,14646.24,14646.24,14646.24,0
113,sopharyngeal carcinoma,1,SSC-H:B,0,1,,,0.0,0
114,sopharyngeal carcinoma,1,BV421:END,0,1,,,0.0,0
115,sopharyngeal carcinoma,1,CD10:END,0,1,,,0.0,0
116,sopharyngeal carcinoma,1,CD105:END,0,1,,,0.0,0
117,sopharyngeal carcinoma,1,CD117:END,0,1,,,0.0,0
118,sopharyngeal carcinoma,1,CD123:END,0,1,,,0.0,0
119,sopharyngeal carcinoma,1,CD14:END,0,1,,,0.0,0
120,sopharyngeal carcinoma,1,CD15:END,0,1,,,0.0,0
121,sopharyngeal carcinoma,1,CD16:END,0,1,,,0.0,0
122,sopharyngeal carcinoma,1,CD19:END,0,1,,,0.0,0
123,sopharyngeal carcinoma,1,CD19_CD4:END,0,1,,,0.0,0
124,sopharyngeal carcinoma,1,CD19+TCRGD:END,0,1,,,0.0,0
125,sopharyngeal carcinoma,1,CD1a:END,0,1,,,0.0,0
126,sopharyngeal carcinoma,1,CD2:END,0,1,,,0.0,0
127,sopharyngeal carcinoma,1,CD20:END,0,1,,,0.0,0
128,sopharyngeal carcinoma,1,CD20+CD4:END,0,1,,,0.0,0
129,sopharyngeal carcinoma,1,CD21:END,0,1,,,0.0,0
130,sopharyngeal carcinoma,1,CD22:END,0,1,,,0.0,0
131,sopharyngeal carcinoma,1,CD24:END,0,1,,,0.0,0
132,sopharyngeal carcinoma,1,CD271:END,0,1,,,0.0,0
133,sopharyngeal carcinoma,1,CD28:END,0,1,,,0.0,0
134,sopharyngeal carcinoma,1,CD3:END,0,1,,,0.0,0
135,sopharyngeal carcinoma,1,CD30:END,0,1,,,0.0,0
136,sopharyngeal carcinoma,1,CD309:END,0,1,,,0.0,0
137,sopharyngeal carcinoma,1,CD34:END,0,1,,,0.0,0
138,sopharyngeal carcinoma,1,CD38:END,0,1,,,0.0,0
139,sopharyngeal carcinoma,1,CD4:END,0,1,,,0.0,0
140,sopharyngeal carcinoma,1,CD44:END,0,1,,,0.0,0
141,sopharyngeal carcinoma,1,CD45:END,0,1,,,0.0,0
142,sopharyngeal carcinoma,1,CD5:END,0,1,,,0.0,0
143,sopharyngeal carcinoma,1,CD56:END,0,1,,,0.0,0
144,sopharyngeal carcinoma,1,CD56+IgK:END,0,1,,,0.0,0
145,sopharyngeal carcinoma,1,CD57:END,0,1,,,0.0,0
146,sopharyngeal carcinoma,1,CD58:END,0,1,,,0.0,0
147,sopharyngeal carcinoma,1,CD7:END,0,1,,,0.0,0
148,sopharyngeal carcinoma,1,CD71:END,0,1,,,0.0,0
149,sopharyngeal carcinoma,1,CD8:END,0,1,,,0.0,0
150,sopharyngeal carcinoma,1,CD8+IgL:END,0,1,,,0.0,0
151,sopharyngeal carcinoma,1,CD81:END,0,1,,,0.0,0
152,sopharyngeal carcinoma,1,CD8-CD99:END,0,1,,,0.0,0
153,sopharyngeal carcinoma,1,CD9:END,0,1,,,0.0,0
154,sopharyngeal carcinoma,1,CD90:END,0,1,,,0.0,0
155,sopharyngeal carcinoma,1,CD99:END,0,1,,,0.0,0
156,sopharyngeal carcinoma,1,cyCD3:END,0,1,,,0.0,0
157,sopharyngeal carcinoma,1,cyCD3+CD19:END,0,1,,,0.0,0
158,sopharyngeal carcinoma,1,cyCD79a:END,0,1,,,0.0,0
159,sopharyngeal carcinoma,1,EPCAM:END,0,1,,,0.0,0
160,sopharyngeal carcinoma,1,Epcam+CD4:END,0,1,,,0.0,0
161,sopharyngeal carcinoma,1,FSC-A:END,0,1,,,0.0,0
162,sopharyngeal carcinoma,1,FSC-H:ENDE,0,1,,,0.0,0
163,sopharyngeal carcinoma,1,GD2:END,0,1,,,0.0,0
164,sopharyngeal carcinoma,1,HLADR:END,0,1,,,0.0,0
165,sopharyngeal carcinoma,1,MPO:END,0,1,,,0.0,0
166,sopharyngeal carcinoma,1,nuMIOGENIN:END,0,1,,,0.0,0
167,sopharyngeal carcinoma,1,nuMYOD:END,0,1,,,0.0,0
168,sopharyngeal carcinoma,1,OCT3/4:END,0,1,,,0.0,0
169,sopharyngeal carcinoma,1,SSC-A:END,0,1,,,0.0,0
170,sopharyngeal carcinoma,1,SSC-H:END,0,1,,,0.0,0
171,sopharyngeal carcinoma,1,BV421:E,0,1,,,0.0,0
172,sopharyngeal carcinoma,1,CD10:E,1,0,121.14,121.14,121.14,0
173,sopharyngeal carcinoma,1,CD105:E,0,1,,,0.0,0
174,sopharyngeal carcinoma,1,CD117:E,0,1,,,0.0,0
175,sopharyngeal carcinoma,1,CD123:E,0,1,,,0.0,0
176,sopharyngeal carcinoma,1,CD14:E,0,1,,,0.0,0
177,sopharyngeal carcinoma,1,CD15:E,0,1,,,0.0,0
178,sopharyngeal carcinoma,1,CD16:E,0,1,,,0.0,0
179,sopharyngeal carcinoma,1,CD19:E,0,1,,,0.0,0
180,sopharyngeal carcinoma,1,CD19_CD4:E,0,1,,,0.0,0
181,sopharyngeal carcinoma,1,CD19+TCRGD:E,0,1,,,0.0,0
182,sopharyngeal carcinoma,1,CD1a:E,0,1,,,0.0,0
183,sopharyngeal carcinoma,1,CD2:E,0,1,,,0.0,0
184,sopharyngeal carcinoma,1,CD20:E,0,1,,,0.0,0
185,sopharyngeal carcinoma,1,CD20+CD4:E,1,0,1477.02,1477.02,1477.02,0
186,sopharyngeal carcinoma,1,CD21:E,0,1,,,0.0,0
187,sopharyngeal carcinoma,1,CD22:E,0,1,,,0.0,0
188,sopharyngeal carcinoma,1,CD24:E,0,1,,,0.0,0
189,sopharyngeal carcinoma,1,CD271:E,0,1,,,0.0,0
190,sopharyngeal carcinoma,1,CD28:E,0,1,,,0.0,0
191,sopharyngeal carcinoma,1,CD3:E,0,1,,,0.0,0
192,sopharyngeal carcinoma,1,CD30:E,0,1,,,0.0,0
193,sopharyngeal carcinoma,1,CD309:E,0,1,,,0.0,0
194,sopharyngeal carcinoma,1,CD34:E,0,1,,,0.0,0
195,sopharyngeal carcinoma,1,CD38:E,1,0,107.99,107.99,107.99,0
196,sopharyngeal carcinoma,1,CD4:E,0,1,,,0.0,0
197,sopharyngeal carcinoma,1,CD44:E,1,0,2041.76,2041.76,2041.76,0
198,sopharyngeal carcinoma,1,CD45:E,1,0,6742.01,6742.01,6742.01,0
199,sopharyngeal carcinoma,1,CD5:E,0,1,,,0.0,0
200,sopharyngeal carcinoma,1,CD56:E,1,0,130.01,130.01,130.01,0
201,sopharyngeal carcinoma,1,CD56+IgK:E,0,1,,,0.0,0
202,sopharyngeal carcinoma,1,CD57:E,1,0,2040.24,2040.24,2040.24,0
203,sopharyngeal carcinoma,1,CD58:E,0,1,,,0.0,0
204,sopharyngeal carcinoma,1,CD7:E,0,1,,,0.0,0
205,sopharyngeal carcinoma,1,CD71:E,0,1,,,0.0,0
206,sopharyngeal carcinoma,1,CD8:E,0,1,,,0.0,0
207,sopharyngeal carcinoma,1,CD8+IgL:E,0,1,,,0.0,0
208,sopharyngeal carcinoma,1,CD81:E,0,1,,,0.0,0
209,sopharyngeal carcinoma,1,CD8-CD99:E,0,1,,,0.0,0
210,sopharyngeal carcinoma,1,CD9:E,0,1,,,0.0,0
211,sopharyngeal carcinoma,1,CD90:E,1,0,2720.1,2720.1,2720.1,0
212,sopharyngeal carcinoma,1,CD99:E,0,1,,,0.0,0
213,sopharyngeal carcinoma,1,cyCD3:E,0,1,,,0.0,0
214,sopharyngeal carcinoma,1,cyCD3+CD19:E,0,1,,,0.0,0
215,sopharyngeal carcinoma,1,cyCD79a:E,0,1,,,0.0,0
216,sopharyngeal carcinoma,1,EPCAM:E,1,0,624.71,624.71,624.71,0
217,sopharyngeal carcinoma,1,Epcam+CD4:E,0,1,,,0.0,0
218,sopharyngeal carcinoma,1,FSC-A:E,1,0,94621.34,94621.34,94621.34,0
219,sopharyngeal carcinoma,1,FSC-H:E,1,0,60566.0,60566.0,60566.0,0
220,sopharyngeal carcinoma,1,GD2:E,1,0,1541.62,1541.62,1541.62,0
221,sopharyngeal carcinoma,1,HLADR:E,0,1,,,0.0,0
222,sopharyngeal carcinoma,1,MPO:E,0,1,,,0.0,0
223,sopharyngeal carcinoma,1,nuMIOGENIN:E,0,1,,,0.0,0
224,sopharyngeal carcinoma,1,nuMYOD:E,0,1,,,0.0,0
225,sopharyngeal carcinoma,1,OCT3/4:E,0,1,,,0.0,0
226,sopharyngeal carcinoma,1,SSC-A:E,1,0,114451.2,114451.2,114451.2,0
227,sopharyngeal carcinoma,1,SSC-H:E,0,1,,,0.0,0
228,sopharyngeal carcinoma,1,BV421:L,0,1,,,0.0,0
229,sopharyngeal carcinoma,1,CD10:L,1,0,37.34,37.34,37.34,0
230,sopharyngeal carcinoma,1,CD105:L,0,1,,,0.0,0
231,sopharyngeal carcinoma,1,CD117:L,0,1,,,0.0,0
232,sopharyngeal carcinoma,1,CD123:L,1,0,49.9,49.9,49.9,0
233,sopharyngeal carcinoma,1,CD14:L,0,1,,,0.0,0
234,sopharyngeal carcinoma,1,CD15:L,1,0,66.04,66.04,66.04,0
235,sopharyngeal carcinoma,1,CD16:L,0,1,,,0.0,0
236,sopharyngeal carcinoma,1,CD19:E.1,0,1,,,0.0,0
237,sopharyngeal carcinoma,1,CD19_CD4:L,0,1,,,0.0,0
238,sopharyngeal carcinoma,1,CD19+TCRGD:L,1,0,115.88,115.88,115.88,0
239,sopharyngeal carcinoma,1,CD1a:L,0,1,,,0.0,0
240,sopharyngeal carcinoma,1,CD2:L,0,1,,,0.0,0
241,sopharyngeal carcinoma,1,CD20:L,1,0,551.92,551.92,551.92,0
242,sopharyngeal carcinoma,1,CD20+CD4:L,1,0,117.37,117.37,117.37,0
243,sopharyngeal carcinoma,1,CD21:L,0,1,,,0.0,0
244,sopharyngeal carcinoma,1,CD22:L,0,1,,,0.0,0
245,sopharyngeal carcinoma,1,CD24:L,0,1,,,0.0,0
246,sopharyngeal carcinoma,1,CD271:L,1,0,71.94,71.94,71.94,0
247,sopharyngeal carcinoma,1,CD28:L,0,1,,,0.0,0
248,sopharyngeal carcinoma,1,CD3:L,1,0,5189.7,5189.7,5189.7,0
249,sopharyngeal carcinoma,1,CD30:L,1,0,26.89,26.89,26.89,0
250,sopharyngeal carcinoma,1,CD309:L,0,1,,,0.0,0
251,sopharyngeal carcinoma,1,CD34:L,0,1,,,0.0,0
252,sopharyngeal carcinoma,1,CD38:L,1,0,15.64,15.64,15.64,0
253,sopharyngeal carcinoma,1,CD4:L,0,1,,,0.0,0
254,sopharyngeal carcinoma,1,CD44:L,1,0,467.82,467.82,467.82,0
255,sopharyngeal carcinoma,1,CD45:L,1,0,3849.26,3849.26,3849.26,0
256,sopharyngeal carcinoma,1,CD5:L,1,0,2431.56,2431.56,2431.56,0
257,sopharyngeal carcinoma,1,CD56:L,1,0,23.71,23.71,23.71,0
258,sopharyngeal carcinoma,1,CD56+IgK:L,1,0,73.39,73.39,73.39,0
259,sopharyngeal carcinoma,1,CD57:L,1,0,161.73,161.73,161.73,0
260,sopharyngeal carcinoma,1,CD58:L,0,1,,,0.0,0
261,sopharyngeal carcinoma,1,CD7:L,0,1,,,0.0,0
262,sopharyngeal carcinoma,1,CD71:L,0,1,,,0.0,0
263,sopharyngeal carcinoma,1,CD8:L,0,1,,,0.0,0
264,sopharyngeal carcinoma,1,CD8+IgL:L,1,0,278.65,278.65,278.65,0
265,sopharyngeal carcinoma,1,CD81:L,1,0,1318.45,1318.45,1318.45,0
266,sopharyngeal carcinoma,1,CD8-CD99:L,0,1,,,0.0,0
267,sopharyngeal carcinoma,1,CD9:L,1,0,349.46,349.46,349.46,0
268,sopharyngeal carcinoma,1,CD90:L,1,0,151.99,151.99,151.99,0
269,sopharyngeal carcinoma,1,CD99:L,1,0,165.85,165.85,165.85,0
270,sopharyngeal carcinoma,1,cyCD3:L,0,1,,,0.0,0
271,sopharyngeal carcinoma,1,cyCD3+CD19:L,0,1,,,0.0,0
272,sopharyngeal carcinoma,1,cyCD79a:L,0,1,,,0.0,0
273,sopharyngeal carcinoma,1,EPCAM:L,1,0,53.63,53.63,53.63,0
274,sopharyngeal carcinoma,1,Epcam+CD4:L,0,1,,,0.0,0
275,sopharyngeal carcinoma,1,FSC-A:L,1,0,103272.27,103272.27,103272.27,0
276,sopharyngeal carcinoma,1,FSC-H:L,1,0,89717.5,89717.5,89717.5,0
277,sopharyngeal carcinoma,1,GD2:L,1,0,204.34,204.34,204.34,0
278,sopharyngeal carcinoma,1,HLADR:L,0,1,,,0.0,0
279,sopharyngeal carcinoma,1,MPO:L,0,1,,,0.0,0
280,sopharyngeal carcinoma,1,nuMIOGENIN:L,0,1,,,0.0,0
281,sopharyngeal carcinoma,1,nuMYOD:L,0,1,,,0.0,0
282,sopharyngeal carcinoma,1,OCT3/4:L,0,1,,,0.0,0
283,sopharyngeal carcinoma,1,SSC-A:L,1,0,11488.32,11488.32,11488.32,0
284,sopharyngeal carcinoma,1,SSC-H:L,0,1,,,0.0,0
285,sopharyngeal carcinoma,1,BV421:MSC,0,1,,,0.0,0
286,sopharyngeal carcinoma,1,CD10:MSC,0,1,,,0.0,0
287,sopharyngeal carcinoma,1,CD105:MSC,0,1,,,0.0,0
288,sopharyngeal carcinoma,1,CD117:MSC,0,1,,,0.0,0
289,sopharyngeal carcinoma,1,CD123:MSC,0,1,,,0.0,0
290,sopharyngeal carcinoma,1,CD14:MSC,0,1,,,0.0,0
291,sopharyngeal carcinoma,1,CD15:MSC,0,1,,,0.0,0
292,sopharyngeal carcinoma,1,CD16:MSC,0,1,,,0.0,0
293,sopharyngeal carcinoma,1,CD19:MSC,0,1,,,0.0,0
294,sopharyngeal carcinoma,1,CD19_CD4:MSC,0,1,,,0.0,0
295,sopharyngeal carcinoma,1,CD19+TCRGD:MSC,0,1,,,0.0,0
296,sopharyngeal carcinoma,1,CD1a:MSC,0,1,,,0.0,0
297,sopharyngeal carcinoma,1,CD2:MSC,0,1,,,0.0,0
298,sopharyngeal carcinoma,1,CD20:MSC,0,1,,,0.0,0
299,sopharyngeal carcinoma,1,CD20+CD4:MSC,0,1,,,0.0,0
300,sopharyngeal carcinoma,1,CD21:MSC,0,1,,,0.0,0
301,sopharyngeal carcinoma,1,CD22:MSC,0,1,,,0.0,0
302,sopharyngeal carcinoma,1,CD24:MSC,0,1,,,0.0,0
303,sopharyngeal carcinoma,1,CD271:MSC,0,1,,,0.0,0
304,sopharyngeal carcinoma,1,CD28:MSC,0,1,,,0.0,0
305,sopharyngeal carcinoma,1,CD3:MSC,0,1,,,0.0,0
306,sopharyngeal carcinoma,1,CD30:MSC,0,1,,,0.0,0
307,sopharyngeal carcinoma,1,CD309:MSC,0,1,,,0.0,0
308,sopharyngeal carcinoma,1,CD34:MSC,0,1,,,0.0,0
309,sopharyngeal carcinoma,1,CD38:MSC,0,1,,,0.0,0
310,sopharyngeal carcinoma,1,CD4:MSC,0,1,,,0.0,0
311,sopharyngeal carcinoma,1,CD44:MSC,0,1,,,0.0,0
312,sopharyngeal carcinoma,1,CD45:MSC,0,1,,,0.0,0
313,sopharyngeal carcinoma,1,CD5:MSC,0,1,,,0.0,0
314,sopharyngeal carcinoma,1,CD56:MSC,0,1,,,0.0,0
315,sopharyngeal carcinoma,1,CD56+IgK:MSC,0,1,,,0.0,0
316,sopharyngeal carcinoma,1,CD57:MSC,0,1,,,0.0,0
317,sopharyngeal carcinoma,1,CD58:MSC,0,1,,,0.0,0
318,sopharyngeal carcinoma,1,CD7:MSC,0,1,,,0.0,0
319,sopharyngeal carcinoma,1,CD71:MSC,0,1,,,0.0,0
320,sopharyngeal carcinoma,1,CD8:MSC,0,1,,,0.0,0
321,sopharyngeal carcinoma,1,CD8+IgL:MSC,0,1,,,0.0,0
322,sopharyngeal carcinoma,1,CD81:MSC,0,1,,,0.0,0
323,sopharyngeal carcinoma,1,CD8-CD99:MSC,0,1,,,0.0,0
324,sopharyngeal carcinoma,1,CD9:MSC,0,1,,,0.0,0
325,sopharyngeal carcinoma,1,CD90:MSC,0,1,,,0.0,0
326,sopharyngeal carcinoma,1,CD99:MSC,0,1,,,0.0,0
327,sopharyngeal carcinoma,1,cyCD3:MSC,0,1,,,0.0,0
328,sopharyngeal carcinoma,1,cyCD3+CD19:MSC,0,1,,,0.0,0
329,sopharyngeal carcinoma,1,cyCD79a:MSC,0,1,,,0.0,0
330,sopharyngeal carcinoma,1,EPCAM:MSC,0,1,,,0.0,0
331,sopharyngeal carcinoma,1,Epcam+CD4:MSC,0,1,,,0.0,0
332,sopharyngeal carcinoma,1,FSC-A:MSC,0,1,,,0.0,0
333,sopharyngeal carcinoma,1,FSC-H:MSC,0,1,,,0.0,0
334,sopharyngeal carcinoma,1,GD2:MSC,0,1,,,0.0,0
335,sopharyngeal carcinoma,1,HLADR:MSC,0,1,,,0.0,0
336,sopharyngeal carcinoma,1,MPO:MSC,0,1,,,0.0,0
337,sopharyngeal carcinoma,1,nuMIOGENIN:MSC,0,1,,,0.0,0
338,sopharyngeal carcinoma,1,nuMYOD:MSC,0,1,,,0.0,0
339,sopharyngeal carcinoma,1,OCT3/4:MSC,0,1,,,0.0,0
340,sopharyngeal carcinoma,1,SSC-A:MSC,0,1,,,0.0,0
341,sopharyngeal carcinoma,1,SSC-H:MSC,0,1,,,0.0,0
342,sopharyngeal carcinoma,1,BV421:MO,0,1,,,0.0,0
343,sopharyngeal carcinoma,1,CD10:MO,1,0,206.89,206.89,206.89,0
344,sopharyngeal carcinoma,1,CD105:MO,0,1,,,0.0,0
345,sopharyngeal carcinoma,1,CD117:MO,0,1,,,0.0,0
346,sopharyngeal carcinoma,1,CD123:MO,1,0,132.1,132.1,132.1,0
347,sopharyngeal carcinoma,1,CD14:MO,0,1,,,0.0,0
348,sopharyngeal carcinoma,1,CD15:MO,1,0,223.74,223.74,223.74,0
349,sopharyngeal carcinoma,1,CD16:MO,0,1,,,0.0,0
350,sopharyngeal carcinoma,1,CD19:MO,0,1,,,0.0,0
351,sopharyngeal carcinoma,1,CD19_CD4:MO,0,1,,,0.0,0
352,sopharyngeal carcinoma,1,CD19+TCRGD:MO,0,1,,,0.0,0
353,sopharyngeal carcinoma,1,CD1a:MO,0,1,,,0.0,0
354,sopharyngeal carcinoma,1,CD2:MO,0,1,,,0.0,0
355,sopharyngeal carcinoma,1,CD20:MO,1,0,34353.11,34353.11,34353.11,0
356,sopharyngeal carcinoma,1,CD20+CD4:MO,1,0,301.24,301.24,301.24,0
357,sopharyngeal carcinoma,1,CD21:MO,0,1,,,0.0,0
358,sopharyngeal carcinoma,1,CD22:MO,0,1,,,0.0,0
359,sopharyngeal carcinoma,1,CD24:MO,0,1,,,0.0,0
360,sopharyngeal carcinoma,1,CD271:MO,0,1,,,0.0,0
361,sopharyngeal carcinoma,1,CD28:MO,0,1,,,0.0,0
362,sopharyngeal carcinoma,1,CD3:MO,0,1,,,0.0,0
363,sopharyngeal carcinoma,1,CD30:MO,1,0,95.48,95.48,95.48,0
364,sopharyngeal carcinoma,1,CD309:MO,0,1,,,0.0,0
365,sopharyngeal carcinoma,1,CD34:MO,0,1,,,0.0,0
366,sopharyngeal carcinoma,1,CD38:MO,1,0,16.39,16.39,16.39,0
367,sopharyngeal carcinoma,1,CD4:MO,0,1,,,0.0,0
368,sopharyngeal carcinoma,1,CD44:MO,0,1,,,0.0,0
369,sopharyngeal carcinoma,1,CD45:MO,1,0,7917.06,7917.06,7917.06,0
370,sopharyngeal carcinoma,1,CD5:MO,1,0,279.37,279.37,279.37,0
371,sopharyngeal carcinoma,1,CD56:MO,1,0,72.91,72.91,72.91,0
372,sopharyngeal carcinoma,1,CD56+IgK:MO,0,1,,,0.0,0
373,sopharyngeal carcinoma,1,CD57:MO,1,0,359.52,359.52,359.52,0
374,sopharyngeal carcinoma,1,CD58:MO,0,1,,,0.0,0
375,sopharyngeal carcinoma,1,CD7:MO,0,1,,,0.0,0
376,sopharyngeal carcinoma,1,CD71:MO,0,1,,,0.0,0
377,sopharyngeal carcinoma,1,CD8:MO,0,1,,,0.0,0
378,sopharyngeal carcinoma,1,CD8+IgL:MO,0,1,,,0.0,0
379,sopharyngeal carcinoma,1,CD81:MO,1,0,4898.87,4898.87,4898.87,0
380,sopharyngeal carcinoma,1,CD8-CD99:MO,0,1,,,0.0,0
381,sopharyngeal carcinoma,1,CD9:MO,1,0,1851.14,1851.14,1851.14,0
382,sopharyngeal carcinoma,1,CD90:MO,1,0,294.07,294.07,294.07,0
383,sopharyngeal carcinoma,1,CD99:MO,0,1,,,0.0,0
384,sopharyngeal carcinoma,1,cyCD3:MO,0,1,,,0.0,0
385,sopharyngeal carcinoma,1,cyCD3+CD19:MO,0,1,,,0.0,0
386,sopharyngeal carcinoma,1,cyCD79a:MO,0,1,,,0.0,0
387,sopharyngeal carcinoma,1,EPCAM:MO,1,0,240.67,240.67,240.67,0
388,sopharyngeal carcinoma,1,Epcam+CD4:MO,0,1,,,0.0,0
389,sopharyngeal carcinoma,1,FSC-A:MO,1,0,143871.0,143871.0,143871.0,0
390,sopharyngeal carcinoma,1,FSC-H:MO,1,0,108622.0,108622.0,108622.0,0
391,sopharyngeal carcinoma,1,GD2:MO,1,0,1098.1,1098.1,1098.1,0
392,sopharyngeal carcinoma,1,HLADR:MO,0,1,,,0.0,0
393,sopharyngeal carcinoma,1,MPO:MO,0,1,,,0.0,0
394,sopharyngeal carcinoma,1,nuMIOGENIN:MO,0,1,,,0.0,0
395,sopharyngeal carcinoma,1,nuMYOD:MO,0,1,,,0.0,0
396,sopharyngeal carcinoma,1,OCT3/4:MO,0,1,,,0.0,0
397,sopharyngeal carcinoma,1,SSC-A:MO,1,0,25954.56,25954.56,25954.56,0
398,sopharyngeal carcinoma,1,SSC-H:MO,0,1,,,0.0,0
399,sopharyngeal carcinoma,1,BV421:N,0,1,,,0.0,0
400,sopharyngeal carcinoma,1,CD10:N,1,0,1315.23,1315.23,1315.23,0
401,sopharyngeal carcinoma,1,CD105:N,0,1,,,0.0,0
402,sopharyngeal carcinoma,1,CD117:N,0,1,,,0.0,0
403,sopharyngeal carcinoma,1,CD123:N,1,0,350.68,350.68,350.68,0
404,sopharyngeal carcinoma,1,CD14:N,0,1,,,0.0,0
405,sopharyngeal carcinoma,1,CD15:N,1,0,73491.22,73491.22,73491.22,0
406,sopharyngeal carcinoma,1,CD16:N,0,1,,,0.0,0
407,sopharyngeal carcinoma,1,CD19:N,0,1,,,0.0,0
408,sopharyngeal carcinoma,1,CD19_CD4:N,0,1,,,0.0,0
409,sopharyngeal carcinoma,1,CD19+TCRGD:N,1,0,255.17,255.17,255.17,0
410,sopharyngeal carcinoma,1,CD1a:N,0,1,,,0.0,0
411,sopharyngeal carcinoma,1,CD2:N,0,1,,,0.0,0
412,sopharyngeal carcinoma,1,CD20:N,1,0,555.98,555.98,555.98,0
413,sopharyngeal carcinoma,1,CD20+CD4:N,1,0,474.88,474.88,474.88,0
414,sopharyngeal carcinoma,1,CD21:N,0,1,,,0.0,0
415,sopharyngeal carcinoma,1,CD22:N,0,1,,,0.0,0
416,sopharyngeal carcinoma,1,CD24:N,0,1,,,0.0,0
417,sopharyngeal carcinoma,1,CD271:N,1,0,170.95,170.95,170.95,0
418,sopharyngeal carcinoma,1,CD28:N,0,1,,,0.0,0
419,sopharyngeal carcinoma,1,CD3:N,1,0,205.87,205.87,205.87,0
420,sopharyngeal carcinoma,1,CD30:N,1,0,-201.31,-201.31,-201.31,0
421,sopharyngeal carcinoma,1,CD309:N,0,1,,,0.0,0
422,sopharyngeal carcinoma,1,CD34:N,0,1,,,0.0,0
423,sopharyngeal carcinoma,1,CD38:N,1,0,61.93,61.93,61.93,0
424,sopharyngeal carcinoma,1,CD4:N,0,1,,,0.0,0
425,sopharyngeal carcinoma,1,CD44:N,1,0,628.17,628.17,628.17,0
426,sopharyngeal carcinoma,1,CD45:N,1,0,1780.89,1780.89,1780.89,0
427,sopharyngeal carcinoma,1,CD5:N,1,0,221.65,221.65,221.65,0
428,sopharyngeal carcinoma,1,CD56:N,1,0,75.63,75.63,75.63,0
429,sopharyngeal carcinoma,1,CD56+IgK:N,1,0,379.1,379.1,379.1,0
430,sopharyngeal carcinoma,1,CD57:N,1,0,549.34,549.34,549.34,0
431,sopharyngeal carcinoma,1,CD58:N,0,1,,,0.0,0
432,sopharyngeal carcinoma,1,CD7:N,0,1,,,0.0,0
433,sopharyngeal carcinoma,1,CD71:N,0,1,,,0.0,0
434,sopharyngeal carcinoma,1,CD8:N,0,1,,,0.0,0
435,sopharyngeal carcinoma,1,CD8+IgL:N,1,0,1234.16,1234.16,1234.16,0
436,sopharyngeal carcinoma,1,CD81:N,1,0,346.71,346.71,346.71,0
437,sopharyngeal carcinoma,1,CD8-CD99:N,0,1,,,0.0,0
438,sopharyngeal carcinoma,1,CD9:N,1,0,428.81,428.81,428.81,0
439,sopharyngeal carcinoma,1,CD90:N,1,0,485.44,485.44,485.44,0
440,sopharyngeal carcinoma,1,CD99:N,1,0,463.69,463.69,463.69,0
441,sopharyngeal carcinoma,1,cyCD3:N,0,1,,,0.0,0
442,sopharyngeal carcinoma,1,cyCD3+CD19:N,0,1,,,0.0,0
443,sopharyngeal carcinoma,1,cyCD79a:N,0,1,,,0.0,0
444,sopharyngeal carcinoma,1,EPCAM:N,1,0,224.61,224.61,224.61,0
445,sopharyngeal carcinoma,1,Epcam+CD4:N,0,1,,,0.0,0
446,sopharyngeal carcinoma,1,FSC-A:N,1,0,136459.5,136459.5,136459.5,0
447,sopharyngeal carcinoma,1,FSC-H:N,1,0,99384.0,99384.0,99384.0,0
448,sopharyngeal carcinoma,1,GD2:N,1,0,1931.08,1931.08,1931.08,0
449,sopharyngeal carcinoma,1,HLADR:N,0,1,,,0.0,0
450,sopharyngeal carcinoma,1,MPO:N,0,1,,,0.0,0
451,sopharyngeal carcinoma,1,nuMIOGENIN:N,1,0,1281.02,1281.02,1281.02,0
452,sopharyngeal carcinoma,1,nuMYOD:N,1,0,1110.88,1110.88,1110.88,0
453,sopharyngeal carcinoma,1,OCT3/4:N,0,1,,,0.0,0
454,sopharyngeal carcinoma,1,SSC-A:N,1,0,91029.61,91029.61,91029.61,0
455,sopharyngeal carcinoma,1,SSC-H:N,0,1,,,0.0,0
456,sopharyngeal carcinoma,1,BV421:NK,0,1,,,0.0,0
457,sopharyngeal carcinoma,1,CD10:NK,0,1,,,0.0,0
458,sopharyngeal carcinoma,1,CD105:NK,0,1,,,0.0,0
459,sopharyngeal carcinoma,1,CD117:NK,0,1,,,0.0,0
460,sopharyngeal carcinoma,1,CD123:NK,0,1,,,0.0,0
461,sopharyngeal carcinoma,1,CD14:NK,0,1,,,0.0,0
462,sopharyngeal carcinoma,1,CD15:NK,0,1,,,0.0,0
463,sopharyngeal carcinoma,1,CD16:NK,0,1,,,0.0,0
464,sopharyngeal carcinoma,1,CD19:NK,0,1,,,0.0,0
465,sopharyngeal carcinoma,1,CD19_CD4:NK,0,1,,,0.0,0
466,sopharyngeal carcinoma,1,CD19+TCRGD:NK,0,1,,,0.0,0
467,sopharyngeal carcinoma,1,CD1a:NK,0,1,,,0.0,0
468,sopharyngeal carcinoma,1,CD2:NK,0,1,,,0.0,0
469,sopharyngeal carcinoma,1,CD20:NK,0,1,,,0.0,0
470,sopharyngeal carcinoma,1,CD20+CD4:NK,0,1,,,0.0,0
471,sopharyngeal carcinoma,1,CD21:NK,0,1,,,0.0,0
472,sopharyngeal carcinoma,1,CD22:NK,0,1,,,0.0,0
473,sopharyngeal carcinoma,1,CD24:NK,0,1,,,0.0,0
474,sopharyngeal carcinoma,1,CD271:NK,0,1,,,0.0,0
475,sopharyngeal carcinoma,1,CD28:NK,0,1,,,0.0,0
476,sopharyngeal carcinoma,1,CD3:NK,0,1,,,0.0,0
477,sopharyngeal carcinoma,1,CD30:NK,0,1,,,0.0,0
478,sopharyngeal carcinoma,1,CD309:NK,0,1,,,0.0,0
479,sopharyngeal carcinoma,1,CD34:NK,0,1,,,0.0,0
480,sopharyngeal carcinoma,1,CD38:NK,0,1,,,0.0,0
481,sopharyngeal carcinoma,1,CD4:NK,0,1,,,0.0,0
482,sopharyngeal carcinoma,1,CD44:NK,0,1,,,0.0,0
483,sopharyngeal carcinoma,1,CD45:NK,0,1,,,0.0,0
484,sopharyngeal carcinoma,1,CD5:NK,0,1,,,0.0,0
485,sopharyngeal carcinoma,1,CD56:NK,0,1,,,0.0,0
486,sopharyngeal carcinoma,1,CD56+IgK:NK,0,1,,,0.0,0
487,sopharyngeal carcinoma,1,CD57:NK,0,1,,,0.0,0
488,sopharyngeal carcinoma,1,CD58:NK,0,1,,,0.0,0
489,sopharyngeal carcinoma,1,CD7:NK,0,1,,,0.0,0
490,sopharyngeal carcinoma,1,CD71:NK,0,1,,,0.0,0
491,sopharyngeal carcinoma,1,CD8:NK,0,1,,,0.0,0
492,sopharyngeal carcinoma,1,CD8+IgL:NK,0,1,,,0.0,0
493,sopharyngeal carcinoma,1,CD81:NK,0,1,,,0.0,0
494,sopharyngeal carcinoma,1,CD8-CD99:NK,0,1,,,0.0,0
495,sopharyngeal carcinoma,1,CD9:NK,0,1,,,0.0,0
496,sopharyngeal carcinoma,1,CD90:NK,0,1,,,0.0,0
497,sopharyngeal carcinoma,1,CD99:NK,0,1,,,0.0,0
498,sopharyngeal carcinoma,1,cyCD3:NK,0,1,,,0.0,0
499,sopharyngeal carcinoma,1,cyCD3+CD19:NK,0,1,,,0.0,0
500,sopharyngeal carcinoma,1,cyCD79a:NK,0,1,,,0.0,0
501,sopharyngeal carcinoma,1,EPCAM:NK,0,1,,,0.0,0
502,sopharyngeal carcinoma,1,Epcam+CD4:NK,0,1,,,0.0,0
503,sopharyngeal carcinoma,1,FSC-A:NK,0,1,,,0.0,0
504,sopharyngeal carcinoma,1,FSC-H:NK,0,1,,,0.0,0
505,sopharyngeal carcinoma,1,GD2:NK,0,1,,,0.0,0
506,sopharyngeal carcinoma,1,HLADR:NK,0,1,,,0.0,0
507,sopharyngeal carcinoma,1,MPO:NK,0,1,,,0.0,0
508,sopharyngeal carcinoma,1,nuMIOGENIN:NK,0,1,,,0.0,0
509,sopharyngeal carcinoma,1,nuMYOD:NK,0,1,,,0.0,0
510,sopharyngeal carcinoma,1,OCT3/4:NK,0,1,,,0.0,0
511,sopharyngeal carcinoma,1,SSC-A:NK,0,1,,,0.0,0
512,sopharyngeal carcinoma,1,SSC-H:NK,0,1,,,0.0,0
513,sopharyngeal carcinoma,1,BV421:RC,0,1,,,0.0,0
514,sopharyngeal carcinoma,1,CD10:RC,0,1,,,0.0,0
515,sopharyngeal carcinoma,1,CD105:RC,0,1,,,0.0,0
516,sopharyngeal carcinoma,1,CD117:RC,0,1,,,0.0,0
517,sopharyngeal carcinoma,1,CD123:RC,0,1,,,0.0,0
518,sopharyngeal carcinoma,1,CD14:RC,0,1,,,0.0,0
519,sopharyngeal carcinoma,1,CD15:RC,0,1,,,0.0,0
520,sopharyngeal carcinoma,1,CD16:RC,0,1,,,0.0,0
521,sopharyngeal carcinoma,1,CD19:RC,0,1,,,0.0,0
522,sopharyngeal carcinoma,1,CD19_CD4:RC,0,1,,,0.0,0
523,sopharyngeal carcinoma,1,CD19+TCRGD:RC,0,1,,,0.0,0
524,sopharyngeal carcinoma,1,CD1a:RC,0,1,,,0.0,0
525,sopharyngeal carcinoma,1,CD2:RC,0,1,,,0.0,0
526,sopharyngeal carcinoma,1,CD20:RC,0,1,,,0.0,0
527,sopharyngeal carcinoma,1,CD20+CD4:RC,0,1,,,0.0,0
528,sopharyngeal carcinoma,1,CD21:RC,0,1,,,0.0,0
529,sopharyngeal carcinoma,1,CD22:RC,0,1,,,0.0,0
530,sopharyngeal carcinoma,1,CD24:RC,0,1,,,0.0,0
531,sopharyngeal carcinoma,1,CD271:RC,0,1,,,0.0,0
532,sopharyngeal carcinoma,1,CD28:RC,0,1,,,0.0,0
533,sopharyngeal carcinoma,1,CD3:RC,0,1,,,0.0,0
534,sopharyngeal carcinoma,1,CD30:RC,0,1,,,0.0,0
535,sopharyngeal carcinoma,1,CD309:RC,0,1,,,0.0,0
536,sopharyngeal carcinoma,1,CD34:RC,0,1,,,0.0,0
537,sopharyngeal carcinoma,1,CD38:RC,0,1,,,0.0,0
538,sopharyngeal carcinoma,1,CD4:RC,0,1,,,0.0,0
539,sopharyngeal carcinoma,1,CD44:RC,0,1,,,0.0,0
540,sopharyngeal carcinoma,1,CD45:RC,0,1,,,0.0,0
541,sopharyngeal carcinoma,1,CD5:RC,0,1,,,0.0,0
542,sopharyngeal carcinoma,1,CD56:RC,0,1,,,0.0,0
543,sopharyngeal carcinoma,1,CD56+IgK:RC,0,1,,,0.0,0
544,sopharyngeal carcinoma,1,CD57:RC,0,1,,,0.0,0
545,sopharyngeal carcinoma,1,CD58:RC,0,1,,,0.0,0
546,sopharyngeal carcinoma,1,CD7:RC,0,1,,,0.0,0
547,sopharyngeal carcinoma,1,CD71:RC,0,1,,,0.0,0
548,sopharyngeal carcinoma,1,CD8:RC,0,1,,,0.0,0
549,sopharyngeal carcinoma,1,CD8+IgL:RC,0,1,,,0.0,0
550,sopharyngeal carcinoma,1,CD81:RC,0,1,,,0.0,0
551,sopharyngeal carcinoma,1,CD8-CD99:RC,0,1,,,0.0,0
552,sopharyngeal carcinoma,1,CD9:RC,0,1,,,0.0,0
553,sopharyngeal carcinoma,1,CD90:RC,0,1,,,0.0,0
554,sopharyngeal carcinoma,1,CD99:RC,0,1,,,0.0,0
555,sopharyngeal carcinoma,1,cyCD3:RC,0,1,,,0.0,0
556,sopharyngeal carcinoma,1,cyCD3+CD19:RC,0,1,,,0.0,0
557,sopharyngeal carcinoma,1,cyCD79a:RC,0,1,,,0.0,0
558,sopharyngeal carcinoma,1,EPCAM:RC,0,1,,,0.0,0
559,sopharyngeal carcinoma,1,Epcam+CD4:RC,0,1,,,0.0,0
560,sopharyngeal carcinoma,1,FSC-A:RC,0,1,,,0.0,0
561,sopharyngeal carcinoma,1,FSC-H:RC,0,1,,,0.0,0
562,sopharyngeal carcinoma,1,GD2:RC,0,1,,,0.0,0
563,sopharyngeal carcinoma,1,HLADR:RC,0,1,,,0.0,0
564,sopharyngeal carcinoma,1,MPO:RC,0,1,,,0.0,0
565,sopharyngeal carcinoma,1,nuMIOGENIN:RC,0,1,,,0.0,0
566,sopharyngeal carcinoma,1,nuMYOD:RC,0,1,,,0.0,0
567,sopharyngeal carcinoma,1,OCT3/4:RC,0,1,,,0.0,0
568,sopharyngeal carcinoma,1,SSC-A:RC,0,1,,,0.0,0
569,sopharyngeal carcinoma,1,SSC-H:RC,0,1,,,0.0,0
570,sopharyngeal carcinoma,1,BV421:T,0,1,,,0.0,0
571,sopharyngeal carcinoma,1,CD10:T,0,1,,,0.0,0
572,sopharyngeal carcinoma,1,CD105:T,0,1,,,0.0,0
573,sopharyngeal carcinoma,1,CD117:T,0,1,,,0.0,0
574,sopharyngeal carcinoma,1,CD123:T,0,1,,,0.0,0
575,sopharyngeal carcinoma,1,CD14:T,0,1,,,0.0,0
576,sopharyngeal carcinoma,1,CD15:T,0,1,,,0.0,0
577,sopharyngeal carcinoma,1,CD16:T,0,1,,,0.0,0
578,sopharyngeal carcinoma,1,CD19:T,0,1,,,0.0,0
579,sopharyngeal carcinoma,1,CD19_CD4:T,0,1,,,0.0,0
580,sopharyngeal carcinoma,1,CD19+TCRGD:T,1,0,52.69,52.69,52.69,0
581,sopharyngeal carcinoma,1,CD1a:T,0,1,,,0.0,0
582,sopharyngeal carcinoma,1,CD2:T,0,1,,,0.0,0
583,sopharyngeal carcinoma,1,CD20:T,0,1,,,0.0,0
584,sopharyngeal carcinoma,1,CD20+CD4:T,1,0,3309.83,3309.83,3309.83,0
585,sopharyngeal carcinoma,1,CD21:T,0,1,,,0.0,0
586,sopharyngeal carcinoma,1,CD22:T,0,1,,,0.0,0
587,sopharyngeal carcinoma,1,CD24:T,0,1,,,0.0,0
588,sopharyngeal carcinoma,1,CD271:T,0,1,,,0.0,0
589,sopharyngeal carcinoma,1,CD28:T,0,1,,,0.0,0
590,sopharyngeal carcinoma,1,CD3:T,1,0,5870.99,5870.99,5870.99,0
591,sopharyngeal carcinoma,1,CD30:T,0,1,,,0.0,0
592,sopharyngeal carcinoma,1,CD309:T,0,1,,,0.0,0
593,sopharyngeal carcinoma,1,CD34:T,0,1,,,0.0,0
594,sopharyngeal carcinoma,1,CD38:T,1,0,1645.77,1645.77,1645.77,0
595,sopharyngeal carcinoma,1,CD4:T,0,1,,,0.0,0
596,sopharyngeal carcinoma,1,CD44:T,0,1,,,0.0,0
597,sopharyngeal carcinoma,1,CD45:T,1,0,860.2,860.2,860.2,0
598,sopharyngeal carcinoma,1,CD5:T,1,0,8208.01,8208.01,8208.01,0
599,sopharyngeal carcinoma,1,CD56:T,0,1,,,0.0,0
600,sopharyngeal carcinoma,1,CD56+IgK:T,1,0,59.46,59.46,59.46,0
601,sopharyngeal carcinoma,1,CD57:T,0,1,,,0.0,0
602,sopharyngeal carcinoma,1,CD58:T,0,1,,,0.0,0
603,sopharyngeal carcinoma,1,CD7:T,0,1,,,0.0,0
604,sopharyngeal carcinoma,1,CD71:T,0,1,,,0.0,0
605,sopharyngeal carcinoma,1,CD8:T,0,1,,,0.0,0
606,sopharyngeal carcinoma,1,CD8+IgL:T,1,0,213.07,213.07,213.07,0
607,sopharyngeal carcinoma,1,CD81:T,0,1,,,0.0,0
608,sopharyngeal carcinoma,1,CD8-CD99:T,0,1,,,0.0,0
609,sopharyngeal carcinoma,1,CD9:T,0,1,,,0.0,0
610,sopharyngeal carcinoma,1,CD90:T,0,1,,,0.0,0
611,sopharyngeal carcinoma,1,CD99:T,0,1,,,0.0,0
612,sopharyngeal carcinoma,1,cyCD3:T,0,1,,,0.0,0
613,sopharyngeal carcinoma,1,cyCD3+CD19:T,0,1,,,0.0,0
614,sopharyngeal carcinoma,1,cyCD79a:T,0,1,,,0.0,0
615,sopharyngeal carcinoma,1,EPCAM:T,0,1,,,0.0,0
616,sopharyngeal carcinoma,1,Epcam+CD4:T,0,1,,,0.0,0
617,sopharyngeal carcinoma,1,FSC-A:T,1,0,119606.31,119606.31,119606.31,0
618,sopharyngeal carcinoma,1,FSC-H:T,1,0,104300.0,104300.0,104300.0,0
619,sopharyngeal carcinoma,1,GD2:T,0,1,,,0.0,0
620,sopharyngeal carcinoma,1,HLADR:T,0,1,,,0.0,0
621,sopharyngeal carcinoma,1,MPO:T,0,1,,,0.0,0
622,sopharyngeal carcinoma,1,nuMIOGENIN:T,0,1,,,0.0,0
623,sopharyngeal carcinoma,1,nuMYOD:T,0,1,,,0.0,0
624,sopharyngeal carcinoma,1,OCT3/4:T,0,1,,,0.0,0
625,sopharyngeal carcinoma,1,SSC-A:T,1,0,16264.8,16264.8,16264.8,0
626,sopharyngeal carcinoma,1,SSC-H:T,0,1,,,0.0,0
